Workbook

Sheet params
A1: name | B1: value | C1: note
A2: ccf_idle_w | B2: 1.4 | C2: CCF 2026 m5.large min watts (Cascade Lake 0.71 W/vCPU x 2)
A3: ccf_max_w | B3: 8.1 | C3: CCF 2026 m5.large max watts (4.063 W/vCPU x 2)
A4: el_base_y | B4: 6 | C4: Boavizta hours_life_time 52560 h = 6 y (verbose output, all 4 JSONs)
A5: el_alt_y | B5: 4 | C5: Alternative server lifetime (CCF/AWS-style 4 y)
A6: pue_delta | B6: 0.1 | C6: PUE sensitivity +/-
A8: region | B8: pue | C8: i_primary | D8: i_secondary | E8: i_secondary_source
A9: eu-north-1 | B9: 1.12 | C9: 21.3 | D9: 19 | E9: Google Cloud region carbon table (europe-north2)
A10: us-west-2 | B10: 1.14 | C10: 98 | D10: 288 | E10: EPA eGRID2023 Rev2 NWPP
A11: eu-west-1 | B11: 1.12 | C11: 301.2 | D11: 224.1 | E11: SEAI 2026 emission factor
A12: us-east-1 | B12: 1.14 | C12: 343 | D12: 271 | E12: EPA eGRID2023 Rev2 SRVC
A13: ap-south-1 | B13: 1.28 | C13: 598 | D13: 671 | E13: Ember Yearly Electricity Data 2025 India

Sheet results
A1: region | B1: instance_id | C1: instance_type | D1: cpu_model | E1: run | F1: start_utc | G1: end_utc | H1: events_per_sec | I1: total_events | J1: idle_cpu_pct | K1: run_cpu_pct | L1: watts_est | M1: pue | N1: e_kwh | O1: i_annual | P1: i_hourly | Q1: i_hourly_source | R1: op_g_lbm_annual | S1: op_g_lbm_hourly | T1: embodied_g | U1: sci_lbm_annual_g_per_1e6ev | V1: sci_lbm_hourly_g_per_1e6ev | W1: sci_mbm_g_per_1e6ev | X1: r_1e6ev | Y1: e_kwh_per_r | Z1: inv_r | AA1: watts_ccf | AB1: e_kwh_ccf_per_r
A2: ap-south-1 | B2: i-07bf2585a11179919 | C2: m5.large | D2: Intel(R) Xeon(R) Platinum 8175M CPU @ 2.50GHz | E2: 1 | F2: 2026-10-11T21:11:28+00:00 | G2: 2026-10-11T21:21:28+00:00 | H2: 725.67 | I2: 435404 | J2: 0.1125012 | K2: 99.970626 | L2: 19.996534 | M2: 1.28 | N2: 0.0042659379 | O2: 598 | P2: 700 | Q2: em-hourly.csv | R2: 2.5510309 | S2: 2.9861565 | T2: 0.076 | U2: 6.0335478 | V2: 7.0329086 | W2: 0.17455053 | X2: =I2/1000000 | Y2: =N2/X2 | Z2: =1/X2 | AA2: =params!$B$2+(params!$B$3-params!$B$2)*K2/100 | AB2: =Y2*AA2/L2
A3: ap-south-1 | B3: i-07bf2585a11179919 | C3: m5.large | D3: Intel(R) Xeon(R) Platinum 8175M CPU @ 2.50GHz | E3: 2 | F3: 2026-10-11T21:22:28+00:00 | G3: 2026-10-11T21:32:28+00:00 | H3: 715.03 | I3: 429020 | J3: 0.1125012 | K3: 99.96875 | L3: 19.996313 | M3: 1.28 | N3: 0.0042659006 | O3: 598 | P3: 700 | Q3: em-hourly.csv | R3: 2.5510086 | S3: 2.9861304 | T3: 0.076 | U3: 6.1232776 | V3: 7.1375004 | W3: 0.17714792 | X3: =I3/1000000 | Y3: =N3/X3 | Z3: =1/X3 | AA3: =params!$B$2+(params!$B$3-params!$B$2)*K3/100 | AB3: =Y3*AA3/L3
A4: ap-south-1 | B4: i-07bf2585a11179919 | C4: m5.large | D4: Intel(R) Xeon(R) Platinum 8175M CPU @ 2.50GHz | E4: 3 | F4: 2026-10-11T21:33:28+00:00 | G4: 2026-10-11T21:43:28+00:00 | H4: 673.12 | I4: 403872 | J4: 0.1125012 | K4: 99.956458 | L4: 19.994862 | M4: 1.28 | N4: 0.0042655819 | O4: 598 | P4: 700 | Q4: em-hourly.csv | R4: 2.550818 | S4: 2.9859074 | T4: 0.076 | U4: 6.5040855 | V4: 7.5813806 | W4: 0.18817843 | X4: =I4/1000000 | Y4: =N4/X4 | Z4: =1/X4 | AA4: =params!$B$2+(params!$B$3-params!$B$2)*K4/100 | AB4: =Y4*AA4/L4
A5: ap-south-1 | B5: i-07bf2585a11179919 | C5: m5.large | D5: Intel(R) Xeon(R) Platinum 8175M CPU @ 2.50GHz | E5: 4 | F5: 2026-10-11T21:44:28+00:00 | G5: 2026-10-11T21:54:28+00:00 | H5: 668.63 | I5: 401184 | J5: 0.1125012 | K5: 99.95729 | L5: 19.99496 | M5: 1.28 | N5: 0.0042656164 | O5: 598 | P5: 700 | Q5: em-hourly.csv | R5: 2.5508386 | S5: 2.9859315 | T5: 0.076 | U5: 6.5477153 | V5: 7.6322373 | W5: 0.18943926 | X5: =I5/1000000 | Y5: =N5/X5 | Z5: =1/X5 | AA5: =params!$B$2+(params!$B$3-params!$B$2)*K5/100 | AB5: =Y5*AA5/L5
A6: ap-south-1 | B6: i-07bf2585a11179919 | C6: m5.large | D6: Intel(R) Xeon(R) Platinum 8175M CPU @ 2.50GHz | E6: 5 | F6: 2026-10-11T21:55:28+00:00 | G6: 2026-10-11T22:05:28+00:00 | H6: 669.2 | I6: 401523 | J6: 0.1125012 | K6: 99.967708 | L6: 19.99619 | M6: 1.28 | N6: 0.0042658652 | O6: 598 | P6: 700 | Q6: em-hourly.csv | R6: 2.5509874 | S6: 2.9861056 | T6: 0.076 | U6: 6.5425576 | V6: 7.6262272 | W6: 0.18927932 | X6: =I6/1000000 | Y6: =N6/X6 | Z6: =1/X6 | AA6: =params!$B$2+(params!$B$3-params!$B$2)*K6/100 | AB6: =Y6*AA6/L6
A7: ap-south-1 | B7: i-0deb59a994eb5fd08 | C7: m5.large | D7: Intel(R) Xeon(R) Platinum 8175M CPU @ 2.50GHz | E7: 1 | F7: 2026-10-11T14:19:48+00:00 | G7: 2026-10-11T14:29:48+00:00 | H7: 642.6 | I7: 385564 | J7: 0.15416034 | K7: 99.947707 | L7: 19.993829 | M7: 1.28 | N7: 0.0042653745 | O7: 598 | P7: 674 | Q7: em-hourly.csv | R7: 2.5506939 | S7: 2.8748624 | T7: 0.076 | U7: 6.8126016 | V7: 7.6533659 | W7: 0.19711384 | X7: =I7/1000000 | Y7: =N7/X7 | Z7: =1/X7 | AA7: =params!$B$2+(params!$B$3-params!$B$2)*K7/100 | AB7: =Y7*AA7/L7
A8: ap-south-1 | B8: i-0deb59a994eb5fd08 | C8: m5.large | D8: Intel(R) Xeon(R) Platinum 8175M CPU @ 2.50GHz | E8: 2 | F8: 2026-10-11T14:30:48+00:00 | G8: 2026-10-11T14:40:48+00:00 | H8: 642.37 | I8: 385424 | J8: 0.15416034 | K8: 99.95 | L8: 19.9941 | M8: 1.28 | N8: 0.0042654357 | O8: 598 | P8: 674 | Q8: em-hourly.csv | R8: 2.5507306 | S8: 2.8749037 | T8: 0.076 | U8: 6.8151712 | V8: 7.656253 | W8: 0.19718544 | X8: =I8/1000000 | Y8: =N8/X8 | Z8: =1/X8 | AA8: =params!$B$2+(params!$B$3-params!$B$2)*K8/100 | AB8: =Y8*AA8/L8
A9: ap-south-1 | B9: i-0deb59a994eb5fd08 | C9: m5.large | D9: Intel(R) Xeon(R) Platinum 8175M CPU @ 2.50GHz | E9: 3 | F9: 2026-10-11T14:41:48+00:00 | G9: 2026-10-11T14:51:48+00:00 | H9: 642.76 | I9: 385661 | J9: 0.15416034 | K9: 99.950833 | L9: 19.994198 | M9: 1.28 | N9: 0.0042654482 | O9: 598 | P9: 674 | Q9: em-hourly.csv | R9: 2.550738 | S9: 2.8749121 | T9: 0.076 | U9: 6.8110024 | V9: 7.6515698 | W9: 0.19706426 | X9: =I9/1000000 | Y9: =N9/X9 | Z9: =1/X9 | AA9: =params!$B$2+(params!$B$3-params!$B$2)*K9/100 | AB9: =Y9*AA9/L9
A10: ap-south-1 | B10: i-0deb59a994eb5fd08 | C10: m5.large | D10: Intel(R) Xeon(R) Platinum 8175M CPU @ 2.50GHz | E10: 4 | F10: 2026-10-11T14:52:48+00:00 | G10: 2026-10-11T15:02:48+00:00 | H10: 642.67 | I10: 385603 | J10: 0.15416034 | K10: 99.95146 | L10: 19.994272 | M10: 1.28 | N10: 0.0042654561 | O10: 598 | P10: 674 | Q10: em-hourly.csv | R10: 2.5507428 | S10: 2.8749174 | T10: 0.076 | U10: 6.8120392 | V10: 7.6527346 | W10: 0.1970939 | X10: =I10/1000000 | Y10: =N10/X10 | Z10: =1/X10 | AA10: =params!$B$2+(params!$B$3-params!$B$2)*K10/100 | AB10: =Y10*AA10/L10
A11: ap-south-1 | B11: i-0deb59a994eb5fd08 | C11: m5.large | D11: Intel(R) Xeon(R) Platinum 8175M CPU @ 2.50GHz | E11: 5 | F11: 2026-10-11T15:03:48+00:00 | G11: 2026-10-11T15:13:48+00:00 | H11: 642.36 | I11: 385418 | J11: 0.15416034 | K11: 99.951042 | L11: 19.994223 | M11: 1.28 | N11: 0.0042654598 | O11: 598 | P11: 674 | Q11: em-hourly.csv | R11: 2.550745 | S11: 2.8749199 | T11: 0.076 | U11: 6.8153148 | V11: 7.6564144 | W11: 0.19718851 | X11: =I11/1000000 | Y11: =N11/X11 | Z11: =1/X11 | AA11: =params!$B$2+(params!$B$3-params!$B$2)*K11/100 | AB11: =Y11*AA11/L11
A12: eu-north-1 | B12: i-074edeef46628b873 | C12: m5.large | D12: Intel(R) Xeon(R) Platinum 8259CL CPU @ 2.50GHz | E12: 1 | F12: 2026-10-11T14:19:47+00:00 | G12: 2026-10-11T14:29:47+00:00 | H12: 644.77 | I12: 386865 | J12: 0.12812514 | K12: 99.909791 | L12: 19.989355 | M12: 1.12 | N12: 0.0037313613 | O12: 21.3 | P12: 23 | Q12: em-hourly.csv | R12: 0.079477995 | S12: 0.085821309 | T12: 0.076 | U12: 0.40189212 | V12: 0.41828883 | W12: 0.19645096 | X12: =I12/1000000 | Y12: =N12/X12 | Z12: =1/X12 | AA12: =params!$B$2+(params!$B$3-params!$B$2)*K12/100 | AB12: =Y12*AA12/L12
A13: eu-north-1 | B13: i-074edeef46628b873 | C13: m5.large | D13: Intel(R) Xeon(R) Platinum 8259CL CPU @ 2.50GHz | E13: 2 | F13: 2026-10-11T14:30:47+00:00 | G13: 2026-10-11T14:40:47+00:00 | H13: 643.95 | I13: 386375 | J13: 0.12812514 | K13: 99.966667 | L13: 19.996067 | M13: 1.12 | N13: 0.0037326159 | O13: 21.3 | P13: 23 | Q13: em-hourly.csv | R13: 0.079504719 | S13: 0.085850166 | T13: 0.076 | U13: 0.40247096 | V13: 0.41889399 | W13: 0.1967001 | X13: =I13/1000000 | Y13: =N13/X13 | Z13: =1/X13 | AA13: =params!$B$2+(params!$B$3-params!$B$2)*K13/100 | AB13: =Y13*AA13/L13
... A51: us-west-2 | B51: i-0289fc492343a3760 | C51: m5.large | D51: Intel(R) Xeon(R) Platinum 8259CL CPU @ 2.50GHz | E51: 5 | F51: 2026-10-11T21:55:20+00:00 | G51: 2026-10-11T22:05:20+00:00 | H51: 643.99 | I51: 386398 | J51: 0.13958247 | K51: 99.958125 | L51: 19.995059 | M51: 1.14 | N51: 0.0037990783 | O51: 98 | P51: 327 | Q51: em-hourly.csv | R51: 0.37230967 | S51: 1.2422986 | T51: 0.076 | U51: 1.1602277 | V51: 3.4117635 | W51: 0.19668839 | X51: =I51/1000000 | Y51: =N51/X51 | Z51: =1/X51 | AA51: =params!$B$2+(params!$B$3-params!$B$2)*K51/100 | AB51: =Y51*AA51/L51

Sheet summary
A1: region | B1: n_runs | C1: cpu_models | D1: events_per_sec_mean | E1: events_per_sec_sd | F1: events_per_sec_cv_pct | G1: op_g_mean | H1: embodied_g | I1: embodied_share_pct | J1: sci_lbm_annual_mean | K1: sci_lbm_annual_sd
A2: eu-north-1 | B2: 10 | C2: Intel(R) Xeon(R) Platinum 8259CL CPU @ 2.50GHz | D2: 644.252 | E2: 0.41728754 | F2: 0.064770856 | G2: 0.07949566 | H2: 0.076 | I2: 48.875962 | J2: 0.40226216 | K2: 0.00029672336
A3: us-west-2 | B3: 10 | C3: Intel(R) Xeon(R) Platinum 8175M CPU @ 2.50GHz;Intel(R) Xeon(R) Platinum 8259CL CPU @ 2.50GHz | D3: 643.131 | E3: 1.0070027 | F3: 0.15657816 | G3: 0.37230392 | H3: 0.076 | I3: 16.952785 | J3: 1.1617689 | K3: 0.0017953798
A4: eu-west-1 | B4: 10 | C4: Intel(R) Xeon(R) Platinum 8175M CPU @ 2.50GHz;Intel(R) Xeon(R) Platinum 8259CL CPU @ 2.50GHz | D4: 643.037 | E4: 0.80367282 | F4: 0.1249808 | G4: 1.1242125 | H4: 0.076 | I4: 6.3322119 | J4: 3.1107745 | K4: 0.0040296967
A5: us-east-1 | B5: 10 | C5: Intel(R) Xeon(R) Platinum 8259CL CPU @ 2.50GHz | D5: 643.428 | E5: 0.85439777 | F5: 0.1327884 | G5: 1.3029788 | H5: 0.076 | I5: 5.5113246 | J5: 3.5719307 | K5: 0.0046746702
A6: ap-south-1 | B6: 10 | C6: Intel(R) Xeon(R) Platinum 8175M CPU @ 2.50GHz | D6: 666.441 | E6: 31.233047 | F6: 4.6865435 | G6: 2.5508334 | H6: 0.076 | I6: 2.8932174 | J6: 6.5817313 | K6: 0.29577938

Sheet Table 3
A1: Table 3. SCI of the same sysbench workload (m5.large, 10 x 600 s runs per region) under three accounting views
A2: Region | B2: n | C2: CPU model(s) | D2: events/s mean | E2: events/s CV % | F2: E per run (Wh) | G2: I annual (gCO2e/kWh) | H2: I hourly mean (gCO2e/kWh) | I2: Operational g/run (LBM annual) | J2: Embodied M g/run | K2: Embodied share % | L2: SCI LBM annual mean | M2: SCI LBM annual SD | N2: SCI LBM hourly mean | O2: SCI MBM mean
A3: eu-north-1 | B3: =COUNTIF(results!$A$2:$A$51,A3) | C3: 8259CL | D3: =AVERAGEIF(results!$A$2:$A$51,A3,results!$H$2:$H$51) | E3: =summary!F2 | F3: =AVERAGEIF(results!$A$2:$A$51,A3,results!$N$2:$N$51)*1000 | G3: =AVERAGEIF(results!$A$2:$A$51,A3,results!$O$2:$O$51) | H3: =AVERAGEIF(results!$A$2:$A$51,A3,results!$P$2:$P$51) | I3: =AVERAGEIF(results!$A$2:$A$51,A3,results!$R$2:$R$51) | J3: =AVERAGEIF(results!$A$2:$A$51,A3,results!$T$2:$T$51) | K3: =J3/(I3+J3)*100 | L3: =AVERAGEIF(results!$A$2:$A$51,A3,results!$U$2:$U$51) | M3: =summary!K2 | N3: =AVERAGEIF(results!$A$2:$A$51,A3,results!$V$2:$V$51) | O3: =AVERAGEIF(results!$A$2:$A$51,A3,results!$W$2:$W$51)
A4: us-west-2 | B4: =COUNTIF(results!$A$2:$A$51,A4) | C4: 8175M; 8259CL | D4: =AVERAGEIF(results!$A$2:$A$51,A4,results!$H$2:$H$51) | E4: =summary!F3 | F4: =AVERAGEIF(results!$A$2:$A$51,A4,results!$N$2:$N$51)*1000 | G4: =AVERAGEIF(results!$A$2:$A$51,A4,results!$O$2:$O$51) | H4: =AVERAGEIF(results!$A$2:$A$51,A4,results!$P$2:$P$51) | I4: =AVERAGEIF(results!$A$2:$A$51,A4,results!$R$2:$R$51) | J4: =AVERAGEIF(results!$A$2:$A$51,A4,results!$T$2:$T$51) | K4: =J4/(I4+J4)*100 | L4: =AVERAGEIF(results!$A$2:$A$51,A4,results!$U$2:$U$51) | M4: =summary!K3 | N4: =AVERAGEIF(results!$A$2:$A$51,A4,results!$V$2:$V$51) | O4: =AVERAGEIF(results!$A$2:$A$51,A4,results!$W$2:$W$51)
A5: eu-west-1 | B5: =COUNTIF(results!$A$2:$A$51,A5) | C5: 8175M; 8259CL | D5: =AVERAGEIF(results!$A$2:$A$51,A5,results!$H$2:$H$51) | E5: =summary!F4 | F5: =AVERAGEIF(results!$A$2:$A$51,A5,results!$N$2:$N$51)*1000 | G5: =AVERAGEIF(results!$A$2:$A$51,A5,results!$O$2:$O$51) | H5: =AVERAGEIF(results!$A$2:$A$51,A5,results!$P$2:$P$51) | I5: =AVERAGEIF(results!$A$2:$A$51,A5,results!$R$2:$R$51) | J5: =AVERAGEIF(results!$A$2:$A$51,A5,results!$T$2:$T$51) | K5: =J5/(I5+J5)*100 | L5: =AVERAGEIF(results!$A$2:$A$51,A5,results!$U$2:$U$51) | M5: =summary!K4 | N5: =AVERAGEIF(results!$A$2:$A$51,A5,results!$V$2:$V$51) | O5: =AVERAGEIF(results!$A$2:$A$51,A5,results!$W$2:$W$51)
A6: us-east-1 | B6: =COUNTIF(results!$A$2:$A$51,A6) | C6: 8259CL | D6: =AVERAGEIF(results!$A$2:$A$51,A6,results!$H$2:$H$51) | E6: =summary!F5 | F6: =AVERAGEIF(results!$A$2:$A$51,A6,results!$N$2:$N$51)*1000 | G6: =AVERAGEIF(results!$A$2:$A$51,A6,results!$O$2:$O$51) | H6: =AVERAGEIF(results!$A$2:$A$51,A6,results!$P$2:$P$51) | I6: =AVERAGEIF(results!$A$2:$A$51,A6,results!$R$2:$R$51) | J6: =AVERAGEIF(results!$A$2:$A$51,A6,results!$T$2:$T$51) | K6: =J6/(I6+J6)*100 | L6: =AVERAGEIF(results!$A$2:$A$51,A6,results!$U$2:$U$51) | M6: =summary!K5 | N6: =AVERAGEIF(results!$A$2:$A$51,A6,results!$V$2:$V$51) | O6: =AVERAGEIF(results!$A$2:$A$51,A6,results!$W$2:$W$51)
A7: ap-south-1 | B7: =COUNTIF(results!$A$2:$A$51,A7) | C7: 8175M | D7: =AVERAGEIF(results!$A$2:$A$51,A7,results!$H$2:$H$51) | E7: =summary!F6 | F7: =AVERAGEIF(results!$A$2:$A$51,A7,results!$N$2:$N$51)*1000 | G7: =AVERAGEIF(results!$A$2:$A$51,A7,results!$O$2:$O$51) | H7: =AVERAGEIF(results!$A$2:$A$51,A7,results!$P$2:$P$51) | I7: =AVERAGEIF(results!$A$2:$A$51,A7,results!$R$2:$R$51) | J7: =AVERAGEIF(results!$A$2:$A$51,A7,results!$T$2:$T$51) | K7: =J7/(I7+J7)*100 | L7: =AVERAGEIF(results!$A$2:$A$51,A7,results!$U$2:$U$51) | M7: =summary!K6 | N7: =AVERAGEIF(results!$A$2:$A$51,A7,results!$V$2:$V$51) | O7: =AVERAGEIF(results!$A$2:$A$51,A7,results!$W$2:$W$51)
A9: SCI unit: gCO2e per 10^6 sysbench events. LBM annual = location-based, annual-average grid intensity; LBM hourly = Electricity Maps hourly readings bracketing the run window (em-hourly.csv); MBM = market-based, Scope 2 = 0 (embodied only). E = Teads curve at measured CPU x PUE.

Sheet Fig 2
A1: Region | B1: Operational (LBM annual) | C1: Embodied (Boavizta, EL 6 y)
A2: eu-north-1 | B2: =AVERAGEIF(results!$A$2:$A$51,A2,results!$R$2:$R$51) | C2: =AVERAGEIF(results!$A$2:$A$51,A2,results!$T$2:$T$51)
A3: us-west-2 | B3: =AVERAGEIF(results!$A$2:$A$51,A3,results!$R$2:$R$51) | C3: =AVERAGEIF(results!$A$2:$A$51,A3,results!$T$2:$T$51)
A4: eu-west-1 | B4: =AVERAGEIF(results!$A$2:$A$51,A4,results!$R$2:$R$51) | C4: =AVERAGEIF(results!$A$2:$A$51,A4,results!$T$2:$T$51)
A5: us-east-1 | B5: =AVERAGEIF(results!$A$2:$A$51,A5,results!$R$2:$R$51) | C5: =AVERAGEIF(results!$A$2:$A$51,A5,results!$T$2:$T$51)
A6: ap-south-1 | B6: =AVERAGEIF(results!$A$2:$A$51,A6,results!$R$2:$R$51) | C6: =AVERAGEIF(results!$A$2:$A$51,A6,results!$T$2:$T$51)

Sheet Fig 2 chart

Sheet Fig 3
A1: ap-south-1
A2: mean E/R (kWh per 1e6 ev) | B2: =AVERAGEIF(results!$A$2:$A$51,"ap-south-1",results!$Y$2:$Y$51)
A3: mean 1/R | B3: =AVERAGEIF(results!$A$2:$A$51,"ap-south-1",results!$Z$2:$Z$51)
A4: mean E_ccf/R | B4: =AVERAGEIF(results!$A$2:$A$51,"ap-south-1",results!$AB$2:$AB$51)
A5: M (g, EL 6 y) | B5: =AVERAGEIF(results!$A$2:$A$51,"ap-south-1",results!$T$2:$T$51)
A6: Baseline SCI | B6: =params!$C$13*B2+B5*B3
A7: check vs Table 3 | B7: =AVERAGEIF(results!$A$2:$A$51,"ap-south-1",results!$U$2:$U$51)
A9: Parameter | B9: Variant A | C9: Variant B | D9: SCI A | E9: SCI B | F9: Lowers SCI | G9: Raises SCI | H9: swing
A10: EL: 6 → 4 y | B10: 6 y (base) | C10: 4 y | D10: =$B$6 | E10: =params!$C$13*$B$2+$B$5*params!$B$4/params!$B$5*$B$3 | F10: =MIN(D10,E10)-$B$6 | G10: =MAX(D10,E10)-$B$6 | H10: =G10-F10
A11: I: 598 → 671 | B11: primary (base) | C11: secondary | D11: =$B$6 | E11: =params!$D$13*$B$2+$B$5*$B$3 | F11: =MIN(D11,E11)-$B$6 | G11: =MAX(D11,E11)-$B$6 | H11: =G11-F11
A12: PUE 1.28 ± 0.1 | B12: PUE 1.18 | C12: PUE 1.38 | D12: =(params!$B$13-params!$B$6)/params!$B$13*params!$C$13*$B$2+$B$5*$B$3 | E12: =(params!$B$13+params!$B$6)/params!$B$13*params!$C$13*$B$2+$B$5*$B$3 | F12: =MIN(D12,E12)-$B$6 | G12: =MAX(D12,E12)-$B$6 | H12: =G12-F12
A13: P: Teads → CCF | B13: Teads (base) | C13: CCF 2026 | D13: =$B$6 | E13: =params!$C$13*$B$4+$B$5*$B$3 | F13: =MIN(D13,E13)-$B$6 | G13: =MAX(D13,E13)-$B$6 | H13: =G13-F13
A16: eu-north-1
A17: mean E/R (kWh per 1e6 ev) | B17: =AVERAGEIF(results!$A$2:$A$51,"eu-north-1",results!$Y$2:$Y$51)
A18: mean 1/R | B18: =AVERAGEIF(results!$A$2:$A$51,"eu-north-1",results!$Z$2:$Z$51)
A19: mean E_ccf/R | B19: =AVERAGEIF(results!$A$2:$A$51,"eu-north-1",results!$AB$2:$AB$51)
A20: M (g, EL 6 y) | B20: =AVERAGEIF(results!$A$2:$A$51,"eu-north-1",results!$T$2:$T$51)
A21: Baseline SCI | B21: =params!$C$9*B17+B20*B18
A22: check vs Table 3 | B22: =AVERAGEIF(results!$A$2:$A$51,"eu-north-1",results!$U$2:$U$51)
A24: Parameter | B24: Variant A | C24: Variant B | D24: SCI A | E24: SCI B | F24: Lowers SCI | G24: Raises SCI | H24: swing
A25: I: 21.3 → 19 | B25: primary (base) | C25: secondary | D25: =$B$21 | E25: =params!$D$9*$B$17+$B$20*$B$18 | F25: =MIN(D25,E25)-$B$21 | G25: =MAX(D25,E25)-$B$21 | H25: =G25-F25
A26: PUE 1.12 ± 0.1 | B26: PUE 1.02 | C26: PUE 1.22 | D26: =(params!$B$9-params!$B$6)/params!$B$9*params!$C$9*$B$17+$B$20*$B$18 | E26: =(params!$B$9+params!$B$6)/params!$B$9*params!$C$9*$B$17+$B$20*$B$18 | F26: =MIN(D26,E26)-$B$21 | G26: =MAX(D26,E26)-$B$21 | H26: =G26-F26
A27: EL: 6 → 4 y | B27: 6 y (base) | C27: 4 y | D27: =$B$21 | E27: =params!$C$9*$B$17+$B$20*params!$B$4/params!$B$5*$B$18 | F27: =MIN(D27,E27)-$B$21 | G27: =MAX(D27,E27)-$B$21 | H27: =G27-F27
A28: P: Teads → CCF | B28: Teads (base) | C28: CCF 2026 | D28: =$B$21 | E28: =params!$C$9*$B$19+$B$20*$B$18 | F28: =MIN(D28,E28)-$B$21 | G28: =MAX(D28,E28)-$B$21 | H28: =G28-F28

Sheet Fig 3a chart

Sheet Fig 3b chart
